conspiracy,estimate,std_error,lower,upper,significance
-2.9247653366624062,-0.7392283030804285,0.2354080188665793,-1.2006280200589239,-0.2778285861019331,Significant
-2.909767502916533,-0.7374178008663286,0.2343063309160014,-1.1966582094616913,-0.27817739227096583,Significant
-2.8947696691706595,-0.7356072986522285,0.2332051378003084,-1.192689368740833,-0.27852522856362405,Significant
-2.8797718354247857,-0.7337967964381285,0.2321044465625637,-1.1887215117007532,-0.2788720811755036,Significant
-2.8647740016789123,-0.7319862942240285,0.23100426437682542,-1.1847546524026062,-0.2792179360454507,Significant
-2.849776167933039,-0.7301757920099285,0.22990459855112427,-1.180788805170132,-0.27956277884972497,Significant
-2.8347783341871655,-0.7283652897958286,0.2288054565305208,-1.1768239845956494,-0.27990659499600784,Significant
-2.819780500441292,-0.7265547875817286,0.22770684590024426,-1.1728602055462074,-0.2802493696172499,Significant
-2.8047826666954183,-0.7247442853676286,0.22660877438891505,-1.1688974831699022,-0.2805910875653551,Significant
-2.789784832949545,-0.7229337831535286,0.22551124987185434,-1.1649358329023631,-0.28093173340469413,Significant
-2.7747869992036716,-0.7211232809394287,0.22441428037448227,-1.160975270473414,-0.28127129140544344,Significant
-2.759789165457798,-0.7193127787253286,0.22331787407580844,-1.1570158119139131,-0.28160974553674406,Significant
-2.744791331711925,-0.7175022765112287,0.22222203931201703,-1.153057473562782,-0.2819470794596753,Significant
-2.729793497966051,-0.7156917742971287,0.2211267845801492,-1.1491002720742212,-0.28228327652003626,Significant
-2.7147956642201776,-0.7138812720830288,0.2200321185418867,-1.1451442244251266,-0.2826183197409308,Significant
-2.699797830474304,-0.7120707698689288,0.21893805002743846,-1.1411893479227082,-0.2829521918151494,Significant
-2.684799996728431,-0.7102602676548289,0.21784458803953455,-1.1372356602123166,-0.2832848750973411,Significant
-2.6698021629825575,-0.7084497654407288,0.21675174175752998,-1.1332831792854876,-0.28361635159597004,Significant
-2.6548043292366836,-0.7066392632266287,0.2156595205416225,-1.1293319234882089,-0.28394660296504864,Significant
-2.6398064954908103,-0.7048287610125288,0.2145679339371872,-1.1253819115294157,-0.2842756104956419,Significant
-2.624808661744937,-0.7030182587984288,0.21347699167923193,-1.1214331624897234,-0.28460335510713425,Significant
-2.6098108279990635,-0.7012077565843289,0.2123867036969774,-1.1174856958304047,-0.2849298173382532,Significant
-2.59481299425319,-0.6993972543702289,0.21129708011856574,-1.1135395314026177,-0.2852549773378401,Significant
-2.5798151605073167,-0.697586752156129,0.21020813127590135,-1.1095946894568955,-0.28557881485536235,Significant
-2.564817326761443,-0.6957762499420289,0.20911986770962881,-1.1056511906529014,-0.2859013092311564,Significant
-2.5498194930155695,-0.69396574772792885,0.2080323001742514,-1.1017090560694616,-0.28622243938639613,Significant
-2.534821659269696,-0.6921552455138289,0.20694543964339518,-1.0977683072148834,-0.28654218381277435,Significant
-2.519823825523823,-0.690344743299729,0.20585929731522326,-1.0938289660375666,-0.2868605205618914,Significant
-2.504825991777949,-0.688534241085629,0.20477388461800475,-1.0898910549369183,-0.2871774272343397,Significant
-2.4898281580320756,-0.686723738871529,0.20368921321584377,-1.0859545967745827,-0.28749288096847525,Significant
-2.474830324286202,-0.6849132366574291,0.2026052950145729,-1.082019614885992,-0.2878068584288662,Significant
-2.459832490540329,-0.683102734443329,0.201522142167817,-1.0780861330922504,-0.28811933579440774,Significant
-2.4448346567944554,-0.6812922322292291,0.2004397670832329,-1.0741541757123656,-0.28843028874609256,Significant
-2.429836823048582,-0.6794817300151291,0.1993581824289301,-1.0702237675758322,-0.2887396924544261,Significant
-2.4148389893027082,-0.6776712278010291,0.1982774011400784,-1.0662949340355827,-0.2890475215664754,Significant
-2.399841155556835,-0.6758607255869291,0.1971974364257093,-1.0623677009813193,-0.2893537501925389,Significant
-2.3848433218109615,-0.6740502233728292,0.19611830177571613,-1.0584420948532327,-0.28965835189242556,Significant
-2.369845488065088,-0.6722397211587292,0.19504001096806045,-1.0545181426561276,-0.2899612996613307,Significant
-2.3548476543192143,-0.6704292189446291,0.193962578076191,-1.0505958719739634,-0.2902625659152948,Significant
-2.339849820573341,-0.6686187167305292,0.19288601747668221,-1.0466753109848264,-0.2905621224762321,Significant
-2.3248519868274675,-0.6668082145164291,0.19181034385709889,-1.042756488476343,-0.2908599405565153,Significant
-2.309854153081594,-0.6649977123023292,0.1907355722240955,-1.0388394338615563,-0.291155990743102,Significant
-2.2948563193357208,-0.6631872100882292,0.189661717911757,-1.0349241771952729,-0.2914502429811855,Significant
-2.2798584855898474,-0.6613767078741293,0.1885887965901891,-1.0310107491909,-0.29174266655735864,Significant
-2.264860651843974,-0.6595662056600293,0.1875168242743665,-1.0270991812377877,-0.292033230082271,Significant
-2.2498628180981,-0.6577557034459293,0.18644581733324736,-1.023189505419094,-0.29232190147276443,Significant
-2.234864984352227,-0.6559452012318293,0.185375792499163,-1.0192817545301889,-0.29260864793346986,Significant
-2.2198671506063534,-0.6541346990177294,0.18430676687749134,-1.0153759620976124,-0.29289343593784634,Significant
-2.2048693168604796,-0.6523241968036293,0.18323875795662392,-1.0114721623986123,-0.29317623120864644,Significant
-2.189871483114606,-0.6505136945895293,0.1821717836182365,-1.007570390481273,-0.2934569986977858,Significant
-2.174873649368733,-0.6487031923754294,0.1811058621478721,-1.0036706821852588,-0.29373570256560005,Significant
-2.1598758156228595,-0.6468926901613294,0.18004101224584806,-0.9997730741631916,-0.2940123061594672,Significant
-2.144877981876986,-0.6450821879472295,0.1789772530384972,-0.995877603902684,-0.29428677199177494,Significant
-2.1298801481311127,-0.6432716857331295,0.17791460408975426,-0.9919843097490479,-0.2945590617172112,Significant
-2.1148823143852393,-0.6414611835190295,0.17685308541309883,-0.9880932309287032,-0.2948291361093558,Significant
-2.0998844806393655,-0.6396506813049294,0.17579271748386718,-0.9842044075733091,-0.29509695503654976,Significant
-2.084886646893492,-0.6378401790908295,0.17473352125194455,-0.9803178807446408,-0.29536247743701816,Significant
-2.0698888131476187,-0.6360296768767295,0.17367551815485066,-0.9764336924602368,-0.2956256612932222,Significant
-2.0548909794017454,-0.6342191746626296,0.1726187301312319,-0.9725518857198441,-0.29588646360541504,Significant
-2.0398931456558715,-0.6324086724485295,0.17156317963477286,-0.9686725045326843,-0.2961448403643747,Significant
-2.024895311909998,-0.6305981702344295,0.17050888964854216,-0.9647955939455721,-0.2964007465232869,Significant
-2.009897478164125,-0.6287876680203296,0.1694558836997854,-0.960921200071909,-0.29665413596875023,Significant
-1.9948996444182514,-0.6269771658062296,0.16840418587518174,-0.9570493701215859,-0.2969049614908734,Significant
-1.979901810672378,-0.6251666635921296,0.1673538208365779,-0.9531801524318222,-0.2971531747524369,Significant
-1.9649039769265044,-0.6233561613780296,0.16630481383721626,-0.9493135964989735,-0.29739872625708574,Significant
-1.9499061431806308,-0.6215456591639297,0.16525719073847284,-0.9454497530113364,-0.2976415653165229,Significant
-1.9349083094347574,-0.6197351569498297,0.16421097802712192,-0.9415886738829886,-0.2978816400166708,Significant
-1.919910475688884,-0.6179246547357297,0.16316620283314479,-0.9377304122886934,-0.2981188971827659,Significant
-1.9049126419430105,-0.6161141525216297,0.16212289294809987,-0.9338750226999055,-0.29835328234335395,Significant
-1.889914808197137,-0.6143036503075298,0.16108107684407333,-0.9300225609219135,-0.29858473969314603,Significant
-1.8749169744512637,-0.6124931480934297,0.16004078369322786,-0.9261730841321563,-0.2988132120547031,Significant
-1.85991914070539,-0.6106826458793297,0.1590020433879701,-0.9223266509197512,-0.29903864083890835,Significant
-1.8449213069595167,-0.6088721436652298,0.1579648865617559,-0.9184833213262713,-0.2992609660041883,Significant
-1.8299234732136431,-0.6070616414511298,0.15692934461055388,-0.9146431568878155,-0.29948012601444424,Significant
-1.8149256394677697,-0.6052511392370299,0.1558954497149889,-0.9108062206784081,-0.29969605779565167,Significant
-1.7999278057218964,-0.6034406370229298,0.15486323486318626,-0.9069725773547749,-0.2999086966910848,Significant
-1.7849299719760228,-0.6016301348088299,0.15383273387433907,-0.9031422932025345,-0.3001179764151253,Significant
-1.7699321382301494,-0.5998196325947298,0.1528039814230217,-0.8993154361838523,-0.3003238290056073,Significant
-1.754934304484276,-0.5980091303806299,0.151777013064272,-0.895492075986603,-0.30052618477465676,Significant
-1.7399364707384024,-0.5961986281665299,0.15075186525946638,-0.891672284075084,-0.3007249722579758,Significant
-1.724938636992529,-0.59438812595243,0.1497285754030122,-0.8878561337423339,-0.300920118162526,Significant
-1.7099408032466554,-0.59257762373833,0.14870718184988177,-0.8840437001640983,-0.30111154731256173,Significant
-1.694942969500782,-0.5907671215242299,0.14768772394401372,-0.8802350604544968,-0.30129918259396304,Significant
-1.6799451357549087,-0.58895661931013,0.1466702420476072,-0.8764302937234401,-0.30148294489681987,Significant
-1.664947302009035,-0.58714611709603,0.1456547775713356,-0.8726294811358478,-0.30166275305621226,Significant
-1.6499494682631617,-0.58533561488193,0.144641373005506,-0.8688327059727217,-0.30183852379113824,Significant
-1.634951634517288,-0.58352511266783,0.14363007195219138,-0.8650400536941252,-0.30201017164153493,Significant
-1.6199538007714147,-0.5817146104537301,0.14262091915836372,-0.8612516120041229,-0.30217760890333717,Significant
-1.6049559670255413,-0.5799041082396301,0.14161396055005476,-0.8574674709177375,-0.3023407455615228,Significant
-1.5899581332796677,-0.5780936060255301,0.14060924326757288,-0.8536877228299729,-0.3024994892210872,Significant
-1.5749602995337944,-0.5762831038114301,0.13960681570180453,-0.849912462586967,-0.30265374503589326,Significant
-1.5599624657879207,-0.5744726015973302,0.13860672753162748,-0.84614178755932,-0.3028034156353403,Significant
-1.5449646320420474,-0.5726620993832301,0.13760902976246553,-0.8423757977176625,-0.30294840104879767,Significant
-1.529966798296174,-0.5708515971691301,0.13661377476601153,-0.8386145957105127,-0.30308859862774756,Significant
-1.5149689645503004,-0.5690410949550302,0.1356210163211477,-0.8348582869444796,-0.3032239029655807,Significant
-1.499971130804427,-0.5672305927409302,0.13463080965609095,-0.8311069796668684,-0.303354205814992,Significant
-1.4849732970585534,-0.5654200905268302,0.13364321149178982,-0.8273607850507383,-0.3034793960029221,Significant
-1.46997546331268,-0.5636095883127302,0.13265828008660077,-0.8236198172824678,-0.3035993593429927,Significant
-1.4549776295668067,-0.5617990860986303,0.13167607528226938,-0.8198841936518783,-0.3037139785453823,Significant
-1.439979795820933,-0.5599885838845302,0.13069665855124155,-0.8161540346449636,-0.3038231331240968,Significant
-1.4249819620750597,-0.5581780816704303,0.12972009304532917,-0.8124294640392754,-0.3039266993015851,Significant
-1.4099841283291863,-0.5563675794563303,0.12874644364575275,-0.8087106090020058,-0.3040245499106549,Significant
-1.3949862945833127,-0.5545570772422304,0.12777577701458206,-0.8049976001908112,-0.30411655429364953,Significant
-1.3799884608374393,-0.5527465750281304,0.1268081616475947,-0.801290571857416,-0.3042025781988448,Significant
-1.3649906270915657,-0.5509360728140303,0.12584366792856885,-0.7975896619540253,-0.30428248367403543,Significant
-1.3499927933456923,-0.5491255705999304,0.12488236818502604,-0.7938950122425814,-0.30435612895727937,Significant
-1.334994959599819,-0.5473150683858304,0.12392433674543506,-0.7902067684068832,-0.30442336836477774,Significant
-1.3199971258539454,-0.5455045661717304,0.12296964999788632,-0.7865250801675876,-0.3044840521758732,Significant
-1.304999292108072,-0.5436940639576304,0.1220183864502413,-0.7828501014001034,-0.3045380265151575,Significant
-1.2900014583621984,-0.5418835617435305,0.12107062679175856,-0.7791819902553773,-0.3045851332316837,Significant
-1.275003624616325,-0.5400730595294305,0.12012645395619251,-0.7755209092835679,-0.30462520977529317,Significant
-1.2600057908704516,-0.5382625573153306,0.11918595318635614,-0.7718670255605886,-0.3046580890700725,Significant
-1.245007957124578,-0.5364520551012305,0.11824921210013371,-0.7682205108174925,-0.3046835993849685,Significant
-1.2300101233787046,-0.5346415528871306,0.11731632075792198,-0.7645815415726576,-0.3047015642016035,Significant
-1.215012289632831,-0.5328310506730305,0.11638737173147243,-0.7609502992667164,-0.30471180207934456,Significant
-1.2000144558869577,-0.5310205484589305,0.11546246017409882,-0.7573269704001642,-0.30471412651769686,Significant
-1.1850166221410843,-0.5292100462448306,0.11454168389220518,-0.7537117466735528,-0.30470834581610845,Significant
-1.1700187883952107,-0.5273995440307306,0.11362514341808086,-0.7501048251301692,-0.30469426293129215,Significant
-1.1550209546493373,-0.5255890418166307,0.11271294208389791,-0.7465064083010706,-0.30467167533219075,Significant
-1.140023120903464,-0.5237785396025306,0.11180518609683496,-0.7429167043523272,-0.3046403748527341,Significant
-1.1250252871575903,-0.5219680373884307,0.11090198461523924,-0.7393359272342996,-0.30460014754256176,Significant
-1.110027453411717,-0.5201575351743307,0.11000344982572462,-0.7357642968327509,-0.3045507735159105,Significant
-1.0950296196658433,-0.5183470329602307,0.10910969702108865,-0.7322020391215645,-0.3044920267988969,Significant
-1.08003178591997,-0.5165365307461307,0.10822084467891525,-0.7286493863168046,-0.3044236751754568,Significant
-1.0650339521740966,-0.5147260285320308,0.10733701454071252,-0.7251065770318272,-0.3043454800322342,Significant
-1.050036118428223,-0.5129155263179308,0.10645833169141554,-0.7215738564331052,-0.3042571962027564,Significant
-1.0350382846823496,-0.5111050241038307,0.10558492463906417,-0.7180514763963965,-0.30415857181126493,Significant
-1.020040450936476,-0.5092945218897308,0.10471692539444312,-0.7145396956628393,-0.3040493481166223,Significant
-1.0050426171906026,-0.5074840196756308,0.10385446955044814,-0.7110387799945092,-0.3039292593567525,Significant
-0.9900447834447292,-0.5056735174615308,0.10299769636091698,-0.707549002328928,-0.3037980325941335,Significant
-0.9750469496988556,-0.5038630152474308,0.10214674881863554,-0.7040706429319565,-0.30365538756290517,Significant
-0.9600491159529823,-0.5020525130333309,0.10130177373220221,-0.7006039895484473,-0.30350103651821453,Significant
-0.9450512822071087,-0.5002420108192309,0.1004629218014002,-0.6971493375499753,-0.3033346840884865,Significant
-0.9300534484612353,-0.4984315086051309,0.09963034769069767,-0.6937069900788984,-0.30315602713136347,Significant
-0.9150556147153619,-0.4966210063910309,0.09880421010045802,-0.6902772581879286,-0.3029647545941332,Significant
-0.9000577809694885,-0.49481050417693095,0.09798467183540846,-0.6868604609743315,-0.3027605473795304,Significant
-0.8850599472236147,-0.49300000196283095,0.09717189986987497,-0.6834569257077858,-0.302543078217876,Significant
-0.8700621134777413,-0.49118949974873094,0.09636606540925301,-0.6800669879508668,-0.30231201154659504,Significant
-0.8550642797318679,-0.489378997534631,0.0955673439471399,-0.6766909916710252,-0.3020670033982368,Significant
-0.8400664459859946,-0.48756849532053104,0.09477591531751375,-0.673329289342858,-0.3018077012982041,Significant
-0.8250686122401212,-0.48575799310643103,0.09399196374129667,-0.6699822420393725,-0.30153374417348955,Significant
-0.8100707784942474,-0.483947490892331,0.09321567786659607,-0.6666502195108593,-0.3012447622738027,Significant
-0.795072944748374,-0.48213698867823107,0.09244725080187018,-0.6633336002498966,-0.3009403771065655,Significant
-0.7800751110025006,-0.48032648646413106,0.09168688014121679,-0.660032771540916,-0.30062020138734613,Significant
-0.7650772772566272,-0.4785159842500311,0.09093476798093737,-0.6567481294926684,-0.30028383900739386,Significant
-0.7500794435107538,-0.4767054820359311,0.09019112092648067,-0.6534800790518333,-0.29993088502002896,Significant
-0.73508160976488,-0.4748949798218311,0.0894561500888245,-0.6502290339959271,-0.29956092564773507,Significant
-0.7200837760190066,-0.47308447760773115,0.08873007106930902,-0.6469954169035769,-0.2991735383118854,Significant
-0.7050859422731333,-0.47127397539363114,0.08801310393189218,-0.6437796591001398,-0.2987682916871225,Significant
-0.6900881085272599,-0.4694634731795312,0.0873054731617587,-0.6405822005765782,-0.29834474578248416,Significant
-0.6750902747813865,-0.46765297096543124,0.08660740760917726,-0.6374034898794186,-0.29790245205144383,Significant
-0.6600924410355131,-0.4658424687513313,0.08591914041746969,-0.6342439839695719,-0.2974409535330907,Significant
-0.6450946072896393,-0.4640319665372312,0.08524090893393066,-0.6311041480477353,-0.29695978502672715,Significant
-0.6300967735437659,-0.46222146432313127,0.08457295460251782,-0.6279844553440662,-0.2964584733021963,Significant
-0.6150989397978925,-0.4604109621090313,0.08391552283712181,-0.6248853868697901,-0.2959365373482726,Significant
-0.6001011060520192,-0.4586004598949313,0.08326886287422554,-0.6218074311284134,-0.29539348866144927,Significant
-0.5851032723061458,-0.45678995768083136,0.08263322760377166,-0.6187510837842238,-0.2948288315774389,Significant
-0.570105438560272,-0.45497945546673135,0.0820088733770802,-0.6157168472858086,-0.29424206364765415,Significant
-0.5551076048143986,-0.45316895325263135,0.08139605979069449,-0.6127052304423926,-0.29363267606287013,Significant
-0.5401097710685252,-0.4513584510385314,0.08079504944508506,-0.6097167479508981,-0.29300015412616465,Significant
-0.5251119373226518,-0.4495479488244314,0.08020610767721034,-0.6067519198717637,-0.2923439777770991,Significant
-0.5101141035767784,-0.44773744661033144,0.07962950226601867,-0.603811271051728,-0.2916636221689348,Significant
-0.4951162698309046,-0.44592694439623143,0.07906550311008319,-0.6008953304919945,-0.29095855830046835,Significant
-0.48011843608503124,-0.4441164421821314,0.07851438187668784,-0.5980046306604396,-0.2902282537038232,Significant
-0.46512060233915786,-0.44230593996803147,0.07797641162183122,-0.5951397067468207,-0.2894721731892423,Significant
-0.4501227685932845,-0.4404954377539315,0.07745186638078666,-0.5923010958602734,-0.2886897796475897,Significant
-0.4351249348474111,-0.4386849355398315,0.07694102072905129,-0.5894893361687721,-0.287880534910891,Significant
-0.4201271011015373,-0.4368744333257315,0.076444149313734,-0.5867049659806501,-0.28704390067081287,Significant
-0.4051292673556639,-0.43506393111163155,0.0759615263556737,-0.583948522768752,-0.28617933945451113,Significant
-0.3901314336097905,-0.43325342889753155,0.07549342512284135,-0.5812205421383005,-0.2852863156567625,Significant
-0.37513359986391714,-0.4314429266834316,0.07504011737586427,-0.5785215567401256,-0.2843642966267376,Significant
-0.36013576611804377,-0.4296324244693316,0.07460187278681422,-0.5758520951314875,-0.2834127538071757,Significant
-0.34513793237216994,-0.4278219222552316,0.07417895833272148,-0.5732126805873656,-0.2824311639230975,Significant
-0.33014009862629656,-0.42601142004113163,0.07377163766561197,-0.5706038298657311,-0.28141901021653215,Significant
-0.3151422648804232,-0.4242009178270316,0.07338017046120933,-0.5680260519310019,-0.2803757837230614,Significant
-0.3001444311345498,-0.42239041561293167,0.07300481174879522,-0.5654798466405703,-0.27930098458529307,Significant
-0.2851465973886764,-0.4205799133988317,0.07264581122507348,-0.5629657033999758,-0.2781941233976877,Significant
-0.2701487636428026,-0.41876941118473165,0.07230341255523202,-0.5604840997929864,-0.2770547225764769,Significant
-0.2551509298969292,-0.4169589089706317,0.07197785266473465,-0.5580355001935116,-0.2758823177477518,Significant
-0.24015309615105584,-0.41514840675653175,0.07166936102569568,-0.5556203543668953,-0.27467645914616823,Significant
-0.22515526240518247,-0.41333790454243174,0.07137815894198908,-0.5532390960687303,-0.27343671301613315,Significant
-0.2101574286593091,-0.4115274023283318,0.07110445883751099,-0.5508921416498533,-0.27216266300681025,Significant
-0.19515959491343526,-0.4097169001142318,0.07084846355224526,-0.5485798886766324,-0.2708539115518311,Significant
-0.18016176116756188,-0.4079063979001318,0.07061036565096833,-0.5463027145760297,-0.26951008122423387,Significant
-0.1651639274216885,-0.4060958956860318,0.07039034674956618,-0.5440609753151815,-0.2681308160568821,Significant
-0.15016609367581513,-0.4042853934719319,0.07018857686401661,-0.5418550041254044,-0.2667157828184593,Significant
-0.13516825992994175,-0.40247489125783187,0.0700052137871092,-0.5396851102805659,-0.26526467223509786,Significant
-0.12017042618406792,-0.40066438904373186,0.06984040249792989,-0.5375515779396745,-0.26377720014778927,Significant
-0.10517259243819455,-0.3988538868296319,0.06969427460902315,-0.5354546650633173,-0.2622531085959465,Significant
-0.09017475869232117,-0.3970433846155319,0.06956694785596175,-0.5333946024132169,-0.2606921668178469,Significant
-0.07517692494644779,-0.39523288240143195,0.0694585256338008,-0.5313715926436815,-0.2590941721591824,Significant
-0.06017909120057441,-0.393422380187332,0.06936909658457227,-0.5293858094930937,-0.25745895088157034,Significant
-0.045181257454700585,-0.39161187797323194,0.06929873423958882,-0.527437397082826,-0.2557863588636379,Significant
-0.030183423708827206,-0.389801375759132,0.06924749671987933,-0.5255264693300955,-0.25407628218816847,Significant
-0.015185589962953827,-0.387990873545032,0.06921542649757585,-0.5236531094802807,-0.2523286376097833,Significant
-1.877562170804481e-4,-0.386180371330932,0.06920255022052327,-0.5218173697631576,-0.25054337289870643,Significant
0.014810077528792931,-0.3843698691168321,0.06920887860179398,-0.5200192711763483,-0.24872046705731587,Significant
0.02980791127466631,-0.38255936690273207,0.06923440637517417,-0.5182588033980734,-0.2468599304073907,Significant
0.04480574502054013,-0.38074886468863206,0.06927911231705232,-0.5165359248300546,-0.2449618045472095,Significant
0.05980357876641351,-0.3789383624745321,0.06934295933449794,-0.5148505627701481,-0.24302616217891615,Significant
0.07480141251228689,-0.3771278602604321,0.06942589461867965,-0.5132026137130442,-0.24105310680782,Significant
0.08979924625816027,-0.37531735804633215,0.06952784986214718,-0.5115919437761406,-0.23904277231652368,Significant
0.10479708000403365,-0.3735068558322322,0.06964874153790317,-0.5100183892465224,-0.236995322417942,Significant
0.11979491374990747,-0.37169635361813214,0.06978847123762698,-0.508481757243881,-0.23491094999238327,Significant
0.13479274749578085,-0.3698858514040322,0.06994692606589392,-0.5069818264931842,-0.2327898763148801,Significant
0.14979058124165423,-0.36807534918993223,0.07012397908676649,-0.5055183481999945,-0.2306323501798699,Significant
0.1647884149875276,-0.3662648469758322,0.07031948981872656,-0.5040910470205363,-0.22843864693112817,Significant
0.179786248733401,-0.3644543447617323,0.07053330477357347,-0.5026996221179363,-0.22620906740552826,Significant
0.1947840824792748,-0.36264384254763227,0.07076525803463668,-0.5013437482955202,-0.22394393679974436,Significant
0.2097819162251482,-0.36083334033353226,0.07101517186944428,-0.500023077197643,-0.22164360346942147,Significant
0.22477974997102157,-0.3590228381194323,0.07128285737185204,-0.4987372385682623,-0.21930843767060232,Significant
0.23977758371689495,-0.35721233590533236,0.07156811512856813,-0.4974858415573259,-0.21693883025333882,Significant
0.25477541746276833,-0.35540183369123235,0.07187073590500695,-0.496268476065046,-0.21453519131741874,Significant
0.26977325120864215,-0.35359133147713234,0.07219050134546526,-0.49508471411424426,-0.21209794884002045,Significant
0.28477108495451553,-0.35178082926303234,0.07252718468273173,-0.4939341112411865,-0.20962754728487815,Significant
0.2997689187003889,-0.3499703270489324,0.07288055145241167,-0.4928162078956593,-0.20712444620220552,Significant
0.3147667524462623,-0.34815982483483243,0.07325036020746425,-0.49173053084146234,-0.2045891188282025,Significant
0.32976458619213567,-0.3463493226207325,0.07363636322870645,-0.49067659454899715,-0.20202205069246784,Significant
0.3447624199380095,-0.3445388204066324,0.07403830722732534,-0.4896539025721901,-0.19942373824107476,Significant
0.35976025368388287,-0.34272831819253247,0.07445593403575518,-0.4886619489026126,-0.19679468748245232,Significant
0.37475808742975625,-0.34091781597843246,0.07488898128360895,-0.48770021929430596,-0.19413541266255893,Significant
0.3897559211756296,-0.3391073137643325,0.0753371830556985,-0.48676819255350157,-0.19144643497516345,Significant
0.404753754921503,-0.33729681155023256,0.07580027052953052,-0.48586534178811236,-0.18872828131235275,Significant
0.41975158866737683,-0.3354863093361325,0.0762779725900164,-0.48499113561256463,-0.18598148305970036,Significant
0.4347494224132502,-0.33367580712203254,0.07677001641948283,-0.4841450393042189,-0.18320657493984618,Significant
0.4497472561591236,-0.3318653049079326,0.07727612806140796,-0.48332651590829223,-0.18040409390757298,Significant
0.46474508990499697,-0.3300548026938326,0.07779603295663395,-0.48253502728883513,-0.17757457809883004,Significant
0.47974292365087035,-0.32824430047973263,0.07832945645111627,-0.4817700351239205,-0.17471856583554474,Significant
0.49474075739674417,-0.3264337982656326,0.07887612427456142,-0.481031001843773,-0.17183659468749224,Significant
0.5097385911426175,-0.3246232960515326,0.07943576298957468,-0.480317391511099,-0.16892920059196626,Significant
0.5247364248884909,-0.32281279383743267,0.08000810041118837,-0.4796286706433619,-0.16599691703150346,Significant
0.5397342586343643,-0.3210022916233327,0.08059286599686608,-0.4789643089771902,-0.1630402742694752,Significant
0.5547320923802377,-0.3191917894092327,0.08118979120728118,-0.4783237801755038,-0.1600597986429616,Significant
0.5697299261261115,-0.3173812871951327,0.08179860983834693,-0.4777065624782927,-0.15705601191197271,Significant
0.5847277598719849,-0.31557078498103275,0.08241905832513127,-0.47711213929829005,-0.15402943066377545,Significant
0.5997255936178583,-0.31376028276693274,0.08305087601842479,-0.4765399997630453,-0.15098056577082017,Significant
0.6147234273637316,-0.3119497805528328,0.08369380543484226,-0.4759896392051236,-0.14790992190054197,Significant
0.629721261109605,-0.3101392783387328,0.08434759248143238,-0.47546055960234024,-0.14481799707512533,Significant
0.6447190948554784,-0.30832877612463283,0.08501198665584424,-0.47495226997008755,-0.14170528227917814,Significant
0.6597169286013522,-0.3065182739105328,0.08568674122315646,-0.4744642867079195,-0.13857226111314616,Significant
0.6747147623472256,-0.3047077716964328,0.08637161337051667,-0.4739961339026455,-0.13541940949022013,Significant
0.689712596093099,-0.30289726948233286,0.08706636434076559,-0.4735473435902334,-0.1322471953744323,Significant
0.7047104298389724,-0.3010867672682329,0.08777075954623471,-0.47311745597885296,-0.12905607855761286,Significant
0.7197082635848457,-0.29927626505413296,0.08848456866390918,-0.47270601963539494,-0.125846510472871,Significant
0.7347060973307196,-0.2974657628400329,0.08920756571314037,-0.47231259163778805,-0.12261893404227778,Significant
0.7497039310765929,-0.29565526062593295,0.08993952911707703,-0.4719367376954039,-0.11937378355646197,Significant
0.7647017648224663,-0.29384475841183294,0.09068024174896054,-0.4715780322397956,-0.11611148458387027,Significant
0.7796995985683397,-0.292034256197733,0.09142949096440053,-0.471236058487958,-0.11283245390750796,Significant
0.7946974323142131,-0.29022375398363304,0.09218706862071253,-0.4709104084802296,-0.10953709948703647,Significant
0.8096952660600869,-0.288413251769533,0.09295277108436101,-0.47060068309488057,-0.10622582044418541,Significant
0.8246930998059603,-0.286602749555433,0.09372639922750883,-0.47030649204135033,-0.10289900706951571,Significant
0.8396909335518337,-0.284792247341333,0.09450775841463072,-0.47002745383400923,-0.09955704084865682,Significant
0.854688767297707,-0.28298174512723306,0.09529665848010165,-0.4697631957482323,-0.09620029450623385,Significant
0.8696866010435804,-0.2811712429131331,0.09609291369762471,-0.46951335376047754,-0.09282913206578869,Significant
0.8846844347894542,-0.27936074069903305,0.09689634274231544,-0.4692775724739713,-0.08944390892409479,Significant
0.8996822685353276,-0.2775502384849331,0.09770676864621237,-0.4690555050315094,-0.08604497193835683,Significant
0.914680102281201,-0.27573973627083315,0.0985240187479366,-0.4688468130167889,-0.08263265952487739,Significant
0.9296779360270744,-0.2739292340567332,0.09934792463717675,-0.4686511663455996,-0.07920730176786678,Significant
0.9446757697729478,-0.2721187318426332,0.10017832209463097,-0.46846824314810986,-0.07576922053715648,Significant
0.9596736035188216,-0.2703082296285332,0.10101505102799384,-0.4682977296434011,-0.07231872961366526,Significant
0.974671437264695,-0.26849772741443323,0.10185795540453313,-0.46813932000731817,-0.06885613482154829,Significant
0.9896692710105683,-0.2666872252003332,0.1027068831807616,-0.46799271623462596,-0.06538173416604048,Significant
1.0046671047564417,-0.26487672298623327,0.1035616862296692,-0.46785762799638486,-0.06189581797608165,Significant
1.019664938502315,-0.26306622077213326,0.10442222026594429,-0.4677337724933841,-0.05839866905088245,Significant
1.034662772248189,-0.26125571855803326,0.10528834476957749,-0.46762087430640514,-0.05489056280966137,Significant
1.0496606059940623,-0.25944521634393325,0.10615992290820739,-0.46751866524401975,-0.05137176744384678,Significant
1.0646584397399357,-0.2576347141298333,0.10703682145853706,-0.4674268841885659,-0.04784254407110067,Significant
1.079656273485809,-0.25582421191573335,0.10791891072711975,-0.467345276940888,-0.044303146890578654,Significant
1.0946541072316824,-0.2540137097016334,0.10880606447078413,-0.46727359606437024,-0.04075382333889652,Significant
1.1096519409775558,-0.25220320748753344,0.10969815981694457,-0.4672116007287448,-0.037194814246322094,Significant
1.1246497747234292,-0.25039270527343344,0.11059507718401614,-0.46715905655410506,-0.033626353992761815,Significant
1.1396476084693026,-0.24858220305933346,0.11149670020213222,-0.4671157354555126,-0.03004867066315431,Significant
1.1546454422151768,-0.2467717008452334,0.11240291563434163,-0.467081415488543,-0.026461986201923804,Significant
1.1696432759610502,-0.24496119863113341,0.11331361329844163,-0.467055880696079,-0.022866516566187822,Significant
1.1846411097069236,-0.24315069641703344,0.11422868598958716,-0.46703892095662425,-0.019262471877442622,Significant
1.199638943452797,-0.24134019420293348,0.11514802940379716,-0.4670303318343759,-0.015650056571491044,Significant
1.2146367771986704,-0.2395296919888335,0.1160715420624662,-0.4670299144312673,-0.012029469546399746,Significant
1.2296346109445437,-0.23771918977473352,0.11699912523797378,-0.4670374752411621,-0.008400904308304924,Significant
1.2446324446904171,-0.23590868756063355,0.11793068288047169,-0.46705282600635806,-0.0047645491149090335,Significant
1.2596302784362905,-0.2340981853465336,0.11886612154591725,-0.4670757835765314,-0.0011205871165357872,Significant
1.2746281121821639,-0.23228768313243361,0.11980535032541018,-0.46710616977023756,0.002530803505370327,Not significant
1.2896259459280373,-0.23047718091833364,0.12074828077588037,-0.4671438112390591,0.006189449402391883,Not significant
1.3046237796739115,-0.22866667870423357,0.12169482685216543,-0.4671885393344778,0.009855181926010648,Not significant
1.319621613419785,-0.2268561764901336,0.12264490484050809,-0.4672401899775295,0.01352783699726226,Not significant
1.3346194471656583,-0.2250456742760336,0.12359843329349744,-0.4672986035312886,0.017207254979221376,Not significant
1.3496172809115317,-0.22323517206193366,0.12455533296646949,-0.46736362467621384,0.020893280552346544,Not significant
1.364615114657405,-0.22142466984783368,0.12551552675537841,-0.46743510228837537,0.024585762592708005,Not significant
1.3796129484032784,-0.2196141676337337,0.12647893963614354,-0.467512889320575,0.02828455405310762,Not significant
1.3946107821491518,-0.21780366541963372,0.12744549860547238,-0.4675968426863596,0.031989511847092145,Not significant
1.4096086158950252,-0.21599316320553377,0.12841513262315613,-0.4676868231469198,0.03570049673585221,Not significant
1.4246064496408986,-0.2141826609914338,0.12938777255582992,-0.4677826952008604,0.039417373217992824,Not significant
1.439604283386772,-0.2123721587773338,0.13036335112218722,-0.4678843269768208,0.04314000942215315,Not significant
1.4546021171326462,-0.21056165656323375,0.1313418028396339,-0.4679915901289162,0.046868277002448694,Not significant
1.4695999508785196,-0.20875115434913377,0.1323230639723663,-0.4681043597349717,0.050602051036704176,Not significant
1.484597784624393,-0.2069406521350338,0.1333070724808542,-0.46822251419750804,0.05434120992744043,Not significant
1.4995956183702663,-0.20513014992093384,0.13429376797270812,-0.4683459351474417,0.05808563530557406,Not significant
1.5145934521161397,-0.20331964770683386,0.13528309165490904,-0.4684745073504556,0.06183521193678787,Not significant
1.529591285862013,-0.20150914549273388,0.13627498628737617,-0.46860811861599116,0.06558982763052337,Not significant
1.5445891196078865,-0.1996986432786339,0.13726939613784891,-0.4687466597088178,0.06934937315154999,Not significant
1.55958695335376,-0.19788814106453392,0.13826626693805658,-0.46889002426312476,0.07311374213405694,Not significant
